Model,AUC,Accuracy
XGBoost,0.9166805357552459,0.8240666666666666
LightGBM,0.9165444047954334,0.84
CatBoost,0.9163124000104526,0.8162666666666667
