Blend,Threshold,Recall,Precision,F1
0.4/0.4/0.2,0.48,0.8526501766784452,0.533024077755688,0.6559739019324751
0.6/0.2/0.2,0.45999999999999996,0.8526501766784452,0.5329063604240283,0.655884750817739
0.0/1.0/0.0,0.52,0.850530035335689,0.532051282051282,0.6546097357245182
0.33/0.33/0.33,0.48,0.8554770318021201,0.531037508225488,0.6552984160925416
0.5/0.5/0.0,0.45999999999999996,0.8544169611307421,0.5287557402143014,0.6532486824940822
1.0/0.0/0.0,0.41000000000000003,0.8558303886925795,0.5265217391304348,0.6519515473076484
